Day,verbrauch_promille,heizung_promille,wind_promille,solar_promille,stromverbrauch,davon_raumw_korr,stromverbr_raumw_korr,solar_strom,wind_strom,sonst_kraftw,wind_solar_konstant,direktverbr_strom,ueberschuss_strom,einspeich,abregelung,mangel_last,brennstoff_ausgleich,speicher_ausgl_strom,ausspeich_rueckverstr,ausspeich_gas,ladezust_brutto
1,2.1624863679761215,2.5878179054351333,4.699376525279702,0.800145624702351,2394.86,828.4,3223.26,769.03,2654.34,42.71,3466.08,3223.26,242.82,157.84,0,0.0,0.0,0.0,0.0,0,157.84
2,2.7154386122480227,2.591014996362653,4.6734141867455135,0.6202826969994315,3007.23,829.42,3836.66,596.16,2639.68,42.71,3278.55,3278.55,0,0.0,0,558.1,15.88,542.23,926.88,0,-769.05
3,2.8204610948168867,2.594212087290174,3.010503389242047,0.8134746715590468,3123.54,830.45,3953.99,781.84,1700.42,42.71,2524.97,2524.97,0,0.0,0,1429.01,40.65,1388.36,2373.27,0,-3142.32
4,3.0642157057428787,2.5974091782176956,7.642221125671519,0.2471734828311987,3393.49,831.47,4224.96,237.56,4316.54,42.71,4596.81,4224.96,371.86,241.71,0,0.0,0.0,0.0,0.0,0,-2900.61
5,2.912420427335901,2.6006062691452145,4.89423109652362,0.4129515229897929,3225.38,832.49,4057.87,396.89,2764.4,42.71,3204.0,3204.0,0,0.0,0,853.87,24.29,829.58,1418.08,0,-4318.69
6,2.787890343774762,2.603803360072736,4.551604825379425,0.5436259680989699,3087.47,833.52,3920.99,522.49,2570.87,42.71,3136.07,3136.07,0,0.0,0,784.91,22.33,762.58,1303.56,0,-5622.25
7,2.5216260380796194,2.607000451000257,4.086234562736498,0.8473290927774122,2792.59,834.54,3627.13,814.38,2308.02,42.71,3165.11,3165.11,0,0.0,0,462.02,13.14,448.88,767.31,0,-6389.56
8,2.456267135463493,2.6101975419277776,4.352159674179504,0.4230218555046141,2720.21,835.56,3555.77,406.57,2458.22,42.71,2907.51,2907.51,0,0.0,0,648.27,18.44,629.83,1076.62,0,-7466.19
9,3.0237835766736816,2.6133946328552975,3.785132573199701,0.4749757192968087,3348.71,836.59,4185.3,456.51,2137.95,42.71,2637.17,2637.17,0,0.0,0,1548.13,44.04,1504.09,2571.09,0,-10037.28
10,3.13842084356943,2.616591723782819,4.236838262211625,0.5342797943267874,3475.67,837.61,4313.28,513.51,2393.09,42.71,2949.3,2949.3,0,0.0,0,1363.98,38.8,1325.17,2265.25,0,-12302.53
11,3.1956823957218736,2.619788814710338,5.6761756937751136,0.3476595603566194,3539.08,838.63,4377.72,334.14,3206.06,42.71,3582.92,3582.92,0,0.0,0,794.8,22.61,772.19,1319.98,0,-13622.51
12,3.262816007705007,2.6229859056378597,7.5140749017331725,0.3518189471346511,3613.43,839.66,4453.09,338.14,4244.16,42.71,4625.01,4453.09,171.92,111.75,0,0.0,0.0,0.0,0.0,0,-13510.76
13,3.1691983133398147,2.6261829965653796,7.296936780484677,0.6586133244457331,3509.75,840.68,4350.43,633.0,4121.51,42.71,4797.23,4350.43,446.8,290.42,0,0.0,0.0,0.0,0.0,0,-13220.34
14,2.778004628131769,2.629380087492901,6.950561447868567,0.5547508567827589,3076.52,841.7,3918.23,533.18,3925.87,42.71,4501.76,3918.23,583.54,379.3,0,0.0,0.0,0.0,0.0,0,-12841.04
15,2.6735972033490705,2.632577178420421,7.028727798416795,0.4473716932258448,2960.89,842.73,3803.62,429.98,3970.02,42.71,4442.71,3803.62,639.09,415.41,0,0.0,0.0,0.0,0.0,0,-12425.63
16,3.16318538606619,2.6357742693479427,4.826226213432541,0.9325897327388516,3503.09,843.75,4346.84,896.33,2725.99,42.71,3665.03,3665.03,0,0.0,0,681.82,19.4,662.42,1132.34,0,-13557.98
17,3.232933266756769,2.6389713602754625,3.899368268208982,1.0880032508934274,3580.33,844.77,4425.11,1045.7,2202.47,42.71,3290.88,3290.88,0,0.0,0,1134.23,32.27,1101.96,1883.69,0,-15441.67
18,3.1986631864315553,2.642168451202984,2.580220406691477,0.6110179910857959,3542.38,845.8,4388.18,587.26,1457.38,42.71,2087.35,2087.35,0,0.0,0,2300.83,65.46,2235.37,3821.15,0,-19262.82
19,3.2843468538482186,2.645365542130504,3.613552400446848,0.6560199309486577,3637.27,846.82,4484.09,630.51,2041.04,42.71,2714.26,2714.26,0,0.0,0,1769.84,50.35,1719.49,2939.29,0,-22202.12
20,3.14629696987379,2.6485626330580248,0.7719798940327951,0.4548848401807227,3484.39,847.85,4332.23,437.2,436.04,42.71,915.94,915.94,0,0.0,0,3416.29,97.19,3319.1,5673.68,0,-27875.79
21,2.8381535652377363,2.6517597239855446,2.3698302447277175,0.2981995182343873,3143.13,848.87,3992.0,286.6,1338.55,42.71,1667.86,1667.86,0,0.0,0,2324.14,66.12,2258.02,3859.87,0,-31735.66
22,2.6546183554091995,2.6549568149130653,1.8887820886567832,0.1397490593528697,2939.88,849.89,3789.77,134.32,1066.84,42.71,1243.86,1243.86,0,0.0,0,2545.9,72.43,2473.48,4228.17,0,-35963.82
23,3.131154312726313,2.658153905840586,0.9002789616206521,0.2443130557977753,3467.62,850.92,4318.53,234.81,508.5,42.71,786.03,786.03,0,0.0,0,3532.51,100.49,3432.01,5866.69,0,-41830.51
24,3.126354567817761,2.6613509967681077,0.6341939792339063,0.2461822905522118,3462.3,851.94,4314.24,236.61,358.21,42.71,637.53,637.53,0,0.0,0,3676.71,104.6,3572.11,6106.18,0,-47936.69
25,3.1696866451878,2.6645480876956267,0.7574439359172255,0.1419894254629086,3510.29,852.96,4363.25,136.47,427.83,42.71,607.01,607.01,0,0.0,0,3756.25,106.86,3649.39,6238.27,0,-54174.96
26,3.260190814347718,2.6677451786231483,1.062985418584075,0.1955409644810501,3610.52,853.99,4464.51,187.94,600.4,42.71,831.05,831.05,0,0.0,0,3633.45,103.37,3530.09,6034.34,0,-60209.3
27,3.195564409503569,2.670942269550669,1.5118274851971143,0.3174304588435898,3538.95,855.01,4393.96,305.09,853.92,42.71,1201.72,1201.72,0,0.0,0,3192.24,90.81,3101.42,5301.58,0,-65510.88
28,2.7563060886134663,2.67413936047819,0.8769114514810352,0.4398359163102595,3052.49,856.03,3908.52,422.73,495.3,42.71,960.75,960.75,0,0.0,0,2947.77,83.86,2863.91,4895.58,0,-70406.46
29,2.667624697279865,2.6773364514057096,3.593535152831571,0.5622458997690707,2954.28,857.06,3811.34,540.38,2029.73,42.71,2612.82,2612.82,0,0.0,0,1198.51,34.1,1164.42,1990.45,0,-72396.92
30,3.2645863472120764,2.6805335423332304,6.040579549739299,0.5764846710462067,3615.39,858.08,4473.47,554.07,3411.89,42.71,4008.67,4008.67,0,0.0,0,464.8,13.22,451.58,771.93,0,-73168.84
31,3.247154975922476,2.6837306332607502,5.982305712333758,0.4937088007704469,3596.08,859.1,4455.19,474.51,3378.97,42.71,3896.2,3896.2,0,0.0,0,558.99,15.9,543.09,928.36,0,-74097.2
32,3.2563360516505906,2.686927724188272,6.957365625507145,0.4799905185895826,3606.25,860.13,4466.38,461.33,3929.72,42.71,4433.75,4433.75,0,0.0,0,32.63,0.93,31.7,54.18,0,-74151.38
33,3.260665490383399,2.6901248151157917,4.622963484641958,0.5544068813800055,3611.05,861.15,4472.2,532.85,2611.18,42.71,3186.74,3186.74,0,0.0,0,1285.46,36.57,1248.89,2134.85,0,-76286.23
34,3.2232753300630046,2.6933219060433133,6.841578655296504,0.3994957483531351,3569.64,862.17,4431.81,383.96,3864.32,42.71,4290.99,4290.99,0,0.0,0,140.82,4.01,136.82,233.88,0,-76520.11
35,2.7035602404736547,2.696518996970833,1.413879301390328,1.398441051878411,2994.08,863.2,3857.27,1344.06,798.6,42.71,2185.37,2185.37,0,0.0,0,1671.9,47.56,1624.34,2776.64,0,-79296.75
36,2.5845361804334224,2.699716087898355,1.9267558298542735,0.8320810252527233,2862.26,864.22,3726.48,799.73,1088.29,42.71,1930.72,1930.72,0,0.0,0,1795.76,51.09,1744.67,2982.35,0,-82279.1
37,3.094592787096515,2.7029131788258747,0.8365449165980956,0.9115891292023256,3427.13,865.24,4292.37,876.14,472.5,42.71,1391.36,1391.36,0,0.0,0,2901.01,82.53,2818.48,4817.92,0,-87097.02
38,3.1557227577583897,2.7061102697533954,0.9421177146448592,2.4332231611800257,3494.83,866.27,4361.09,2338.61,532.13,42.71,2913.46,2913.46,0,0.0,0,1447.64,41.18,1406.45,2404.2,0,-89501.21
39,3.201513973808104,2.7093073606809153,1.944376770136986,2.7561210185305387,3545.54,867.29,4412.83,2648.95,1098.24,42.71,3789.9,3789.9,0,0.0,0,622.93,17.72,605.21,1034.54,0,-90535.75
40,3.279871024807514,2.712504451608437,3.1556187719232365,2.5325324807486584,3632.32,868.31,4500.63,2434.06,1782.38,42.71,4259.15,4259.15,0,0.0,0,241.48,6.87,234.61,401.04,0,-90936.79
41,3.211301913835001,2.7157015425359567,3.597085693241478,1.9542012049087227,3556.38,869.34,4425.72,1878.22,2031.74,42.71,3952.66,3952.66,0,0.0,0,473.06,13.46,459.6,785.64,0,-91722.43
42,2.796638803369091,2.7188986334634775,4.292113201804346,0.9482541915405576,3097.16,870.36,3967.52,911.38,2424.31,42.71,3378.4,3378.4,0,0.0,0,589.12,16.76,572.36,978.39,0,-92700.82
43,2.508811970046192,2.7220957243909982,0.8891723230895148,1.0191312284763332,2778.4,871.38,3649.79,979.5,502.23,42.71,1524.44,1524.44,0,0.0,0,2125.34,60.46,2064.88,3529.71,0,-96230.53
44,3.030898801116472,2.72529281531852,0.7205348297956398,1.4404739408964535,3356.59,872.41,4229.0,1384.46,406.98,42.71,1834.15,1834.15,0,0.0,0,2394.85,68.13,2326.72,3977.29,0,-100207.82
45,3.0464784442576724,2.728489906246039,0.5540055247708828,1.6386128248667204,3373.84,873.43,4247.28,1574.9,312.92,42.71,1930.53,1930.53,0,0.0,0,2316.75,65.91,2250.84,3847.59,0,-104055.41
46,3.0774727683274423,2.728489906246037,1.0352890951985352,1.9847788078166473,3408.17,873.43,4281.6,1907.6,584.76,42.71,2535.08,2535.08,0,0.0,0,1746.52,49.69,1696.84,2900.58,0,-106955.99
47,3.1160269500886155,2.6952538546373823,3.0512827776610223,1.948693072472526,3450.87,862.79,4313.66,1872.92,1723.45,42.71,3639.08,3639.08,0,0.0,0,674.58,19.19,655.38,1120.32,0,-108076.31
48,3.1161077924974543,2.662017803028725,6.8460761236039565,0.669783473050937,3450.96,852.15,4303.11,643.74,3866.86,42.71,4553.31,4303.11,250.2,162.63,0,0.0,0.0,0.0,0.0,0,-107913.68
49,2.684686815404769,2.6287817514200693,5.3441377982125635,0.815036138847862,2973.18,841.51,3814.69,783.34,3018.52,42.71,3844.57,3814.69,29.89,19.43,0,0.0,0.0,0.0,0.0,0,-107894.25
50,2.461562313242428,2.595545699811413,3.1161499738782297,1.3349730640782589,2726.07,830.87,3556.95,1283.06,1760.09,42.71,3085.86,3085.86,0,0.0,0,471.08,13.4,457.68,782.36,0,-108676.61
51,2.9896205579169295,2.5623096482027554,6.351521508022206,2.0109571463630407,3310.88,820.23,4131.11,1932.76,3587.52,42.71,5562.99,4131.11,1431.88,930.72,0,0.0,0.0,0.0,0.0,0,-107745.89
52,3.0302547930082233,2.5290735965941,2.9614880119850504,1.9436239612740545,3355.88,809.59,4165.47,1868.05,1672.73,42.71,3583.49,3583.49,0,0.0,0,581.98,16.56,565.42,966.54,0,-108712.42
53,3.000866938697877,2.4958375449854433,1.004883749887179,2.124242729664603,3323.33,798.96,4122.29,2041.64,567.59,42.71,2651.94,2651.94,0,0.0,0,1470.34,41.83,1428.52,2441.91,0,-111154.33
54,3.023563444979344,2.462601493376786,1.358688689328373,0.9904047563542792,3348.47,788.32,4136.78,951.89,767.43,42.71,1762.03,1762.03,0,0.0,0,2374.75,67.56,2307.19,3943.92,0,-115098.25
55,3.053565810843363,2.4293654417681303,4.281732131402497,0.8977576972179238,3381.69,777.68,4159.37,862.85,2418.44,42.71,3324.0,3324.0,0,0.0,0,835.37,23.76,811.6,1387.35,0,-116485.61
56,2.783935074299079,2.396129390159474,4.872727576178614,1.399101846731069,3083.09,767.04,3850.13,1344.7,2752.25,42.71,4139.66,3850.13,289.54,188.2,0,0.0,0.0,0.0,0.0,0,-116297.41
57,2.565681873501762,2.3628933385508173,2.854780305920078,1.7765560133551346,2841.38,756.4,3597.78,1707.48,1612.46,42.71,3362.65,3362.65,0,0.0,0,235.13,6.69,228.44,390.5,0,-116687.91
58,3.008841386850824,2.3296572869421617,1.3936775873015037,2.248956443123434,3332.16,745.76,4077.92,2161.51,787.19,42.71,2991.41,2991.41,0,0.0,0,1086.51,30.91,1055.6,1804.45,0,-118492.36
59,3.052851338743626,2.2964212353335043,1.1477855348857944,3.164673277158801,3380.9,735.12,4116.02,3041.62,648.3,42.71,3732.63,3732.63,0,0.0,0,383.39,10.91,372.48,636.72,0,-119129.08
60,3.0540093516269917,2.2631851837248487,1.258806242784671,3.4056189948033055,3382.18,724.48,4106.66,3273.2,711.01,42.71,4026.92,4026.92,0,0.0,0,79.75,2.27,77.48,132.44,0,-119261.52
61,3.0562609219596477,2.229949132116192,1.1741976202507296,2.9825745093379843,3384.68,713.84,4098.52,2866.6,663.22,42.71,3572.53,3572.53,0,0.0,0,525.99,14.96,511.02,873.54,0,-120135.06
62,3.0233487756099273,2.1967130805075348,1.49095993497996,2.11634939936984,3348.23,703.2,4051.43,2034.06,842.14,42.71,2918.91,2918.91,0,0.0,0,1132.52,32.22,1100.31,1880.87,0,-122015.93
63,2.745766532677366,2.1634770288988783,3.5124243660008085,1.4387495378905448,3040.82,692.56,3733.38,1382.81,1983.92,42.71,3409.43,3409.43,0,0.0,0,323.95,9.22,314.73,538.0,0,-122553.93
64,2.518414191025758,2.1302409772902218,2.3307426773947095,1.1437815780451832,2789.04,681.92,3470.96,1099.31,1316.47,42.71,2458.49,2458.49,0,0.0,0,1012.47,28.8,983.67,1681.48,0,-124235.41
65,3.0341898518816963,2.0970049256815653,1.8683309056227797,1.2892831734098904,3360.24,671.28,4031.52,1239.15,1055.29,42.71,2337.15,2337.15,0,0.0,0,1694.37,48.2,1646.17,2813.96,0,-127049.38
66,3.16861876066564,2.0637688740729088,4.949479683762975,1.6696158710359454,3509.11,660.64,4169.75,1604.7,2795.61,42.71,4443.01,4169.75,273.26,177.62,0,0.0,0.0,0.0,0.0,0,-126871.76
67,3.0621400222726955,2.0305328224642514,1.544485078309312,0.8359914824629731,3391.19,650.0,4041.19,803.49,872.37,42.71,1718.56,1718.56,0,0.0,0,2322.63,66.08,2256.55,3857.36,0,-130729.11
68,2.988419938899176,1.9972967708555949,1.9504026749395489,1.337955692899503,3309.55,639.37,3948.91,1285.93,1101.64,42.71,2430.28,2430.28,0,0.0,0,1518.63,43.2,1475.42,2522.09,0,-133251.21
69,3.0249279337447432,1.9640607192469393,4.342628906379532,1.4051033123106882,3349.98,628.73,3978.7,1350.47,2452.84,42.71,3846.02,3846.02,0,0.0,0,132.69,3.77,128.91,220.36,0,-133471.57
70,2.682771178054787,1.9308246676382828,3.2552693177573353,2.17044405744496,2971.05,618.09,3589.14,2086.05,1838.67,42.71,3967.43,3589.14,378.29,245.89,0,0.0,0.0,0.0,0.0,0,-133225.68
71,2.493250898809725,1.8975886160296265,3.3660651522408394,1.5135370320365702,2761.17,607.45,3368.62,1454.69,1901.25,42.71,3398.64,3368.62,30.03,19.52,0,0.0,0.0,0.0,0.0,0,-133206.16
72,3.075824238666123,1.8643525644209695,6.628844890706908,1.8785130383265405,3406.34,596.81,4003.15,1805.47,3744.16,42.71,5592.34,4003.15,1589.19,1032.97,0,0.0,0.0,0.0,0.0,0,-132173.19
73,3.109303920575191,1.8311165128123132,5.937322245141449,1.5283053443942607,3443.42,586.17,4029.59,1468.88,3353.57,42.71,4865.16,4029.59,835.57,543.12,0,0.0,0.0,0.0,0.0,0,-131630.07
74,3.0998710316681937,1.7314083579863455,2.9187901722411778,2.686592727252928,3432.97,554.25,3987.22,2582.13,1648.61,42.71,4273.45,3987.22,286.23,186.05,0,0.0,0.0,0.0,0.0,0,-131444.02
75,3.0559359136268167,1.70462563110412,3.782318141860428,3.8260112488737126,3384.32,545.68,3929.99,3677.24,2136.36,42.71,5856.31,3929.99,1926.32,1252.11,0,0.0,0.0,0.0,0.0,0,-130191.91
76,2.989036089150326,1.6778429042218963,3.37615283310857,3.250925109399227,3310.23,537.1,3847.33,3124.52,1906.95,42.71,5074.17,3847.33,1226.84,797.45,0,0.0,0.0,0.0,0.0,0,-129394.46
77,2.468212693834396,1.6510601773396711,1.4571182427899412,3.3935934336833595,2733.44,528.53,3261.97,3261.64,823.02,42.71,4127.37,3261.97,865.4,562.51,0,0.0,0.0,0.0,0.0,0,-128831.95
78,2.288023704252791,1.6242774504574466,1.1758332229828536,2.3237665672301664,2533.89,519.96,3053.84,2233.41,664.14,42.71,2940.27,2940.27,0,0.0,0,113.58,3.23,110.35,188.63,0,-129020.58
79,2.8627400359420543,1.5974947235752222,1.839366155628654,1.572768691192285,3170.36,511.38,3681.74,1511.61,1038.93,42.71,2593.25,2593.25,0,0.0,0,1088.49,30.97,1057.53,1807.74,0,-130828.32
80,2.933172892177794,1.5707119966929977,2.0337481413355767,2.269232887917321,3248.36,502.81,3751.17,2181.0,1148.72,42.71,3372.43,3372.43,0,0.0,0,378.75,10.77,367.97,629.01,0,-131457.33
81,2.969346592738163,1.5439292698107732,4.624108933601512,3.21478958814155,3288.42,494.24,3782.66,3089.79,2611.83,42.71,5744.33,3782.66,1961.67,1275.08,0,0.0,0.0,0.0,0.0,0,-130182.25
82,2.9930306873654433,1.517146542928549,5.047069475564012,1.6784279777354316,3314.65,485.66,3800.31,1613.16,2850.73,42.71,4506.6,3800.31,706.29,459.09,0,0.0,0.0,0.0,0.0,0,-129723.16
83,2.9394643980224173,1.4903638160463242,5.426069021644725,1.7554422600150712,3255.33,477.09,3732.42,1687.18,3064.8,42.71,4794.69,3732.42,1062.27,690.48,0,0.0,0.0,0.0,0.0,0,-129032.68
84,2.532931958202211,1.4635810891640997,5.653356312585467,2.5516864794914556,2805.11,468.51,3273.63,2452.47,3193.17,42.71,5688.35,3273.63,2414.73,1569.57,0,0.0,0.0,0.0,0.0,0,-127463.11
85,2.2954874250255757,1.4367983622818752,3.1602427315268353,1.8927518096036764,2542.15,459.94,3002.09,1819.15,1784.99,42.71,3646.86,3002.09,644.77,419.1,0,0.0,0.0,0.0,0.0,0,-127044.01
86,2.938200416035574,1.4100156353996507,4.240248256736924,3.236242790892225,3253.93,451.37,3705.3,3110.41,2395.01,42.71,5548.13,3705.3,1842.83,1197.84,0,0.0,0.0,0.0,0.0,0,-125846.17
87,3.0165164995980724,1.3832329085174262,2.517004624618412,3.697540961937442,3340.66,442.79,3783.46,3553.77,1421.67,42.71,5018.15,3783.46,1234.7,802.55,0,0.0,0.0,0.0,0.0,0,-125043.62
88,2.9819798578166874,1.3564501816352017,2.22183894188274,2.1467866965213784,3302.41,434.22,3736.64,2063.31,1254.96,42.71,3360.98,3360.98,0,0.0,0,375.65,10.69,364.97,623.88,0,-125667.5
89,2.9937970515519345,1.3296674547529772,5.277986363974751,1.8461838764598584,3315.5,425.65,3741.15,1774.4,2981.15,42.71,4798.26,3741.15,1057.12,687.12,0,0.0,0.0,0.0,0.0,0,-124980.37
90,2.9145146827108173,1.3028847278707518,3.344997324138119,1.9124353494270283,3227.7,417.07,3644.77,1838.07,1889.35,42.71,3770.13,3644.77,125.36,81.48,0,0.0,0.0,0.0,0.0,0,-124898.89
91,2.626000688912789,1.2761020009885282,4.936983397797778,1.436776205316854,2908.18,408.5,3316.68,1380.91,2788.55,42.71,4212.17,3316.68,895.48,582.07,0,0.0,0.0,0.0,0.0,0,-124316.82
92,2.432953386465892,1.2493192741063028,3.764342323219081,2.052618904025481,2694.39,399.93,3094.32,1972.81,2126.21,42.71,4141.72,3094.32,1047.41,680.81,0,0.0,0.0,0.0,0.0,0,-123636.01
93,2.8812491239386735,1.2225365472240788,2.054153646957083,3.7914100389520007,3190.86,391.35,3582.21,3643.99,1160.24,42.71,4846.94,3582.21,1264.73,822.07,0,0.0,0.0,0.0,0.0,0,-122813.94
94,2.9011560208827127,1.1957538203418538,0.645557114004453,4.67954095088497,3212.91,382.78,3595.68,4497.58,364.63,42.71,4904.92,3595.68,1309.24,851.01,0,0.0,0.0,0.0,0.0,0,-121962.93
95,2.8808727697515795,1.168971093459629,0.3058418994951987,4.695748528743655,3190.44,374.21,3564.65,4513.16,172.75,42.71,4728.62,3564.65,1163.97,756.58,0,0.0,0.0,0.0,0.0,0,-121206.35
96,2.842613007303677,1.1421883665774049,1.5519480647819903,4.803209160159116,3148.07,365.63,3513.7,4616.44,876.58,42.71,5535.74,3513.7,2022.03,1314.32,0,0.0,0.0,0.0,0.0,0,-119892.03
97,2.3763746249286397,1.11540563969518,2.0935187924121914,3.0719583281403233,2631.73,357.06,2988.79,2952.51,1182.48,42.71,4177.7,2988.79,1188.91,772.79,0,0.0,0.0,0.0,0.0,0,-119119.24
98,2.3023732318216616,1.088622912812956,0.7545838271654552,1.5924160230785045,2549.78,348.48,2898.26,1530.5,426.21,42.71,1999.42,1999.42,0,0.0,0,898.85,25.57,873.27,1492.78,0,-120612.01
99,2.035233315441597,1.061840185930731,0.6058177651315761,3.873905297714988,2253.93,339.91,2593.84,3723.27,342.18,42.71,4108.17,2593.84,1514.32,984.31,0,0.0,0.0,0.0,0.0,0,-119627.7
100,2.1692268769292946,1.0350574590485069,3.623355475898248,4.640146715285417,2402.33,331.34,2733.66,4459.72,2046.57,42.71,6549.01,2733.66,3815.34,1776.88,1081.68,0.0,0.0,0.0,0.0,0,-117850.82
101,2.7513178934951212,1.0082747321662824,4.274462395521153,3.0935337326788184,3046.97,322.76,3369.73,2973.25,2414.34,42.71,5430.29,3369.73,2060.56,1339.37,0,0.0,0.0,0.0,0.0,0,-116511.46
102,2.8785949802593,0.9814920052840574,3.361270780752154,2.306518011178938,3187.92,314.19,3502.11,2216.83,1898.54,42.71,4158.08,3502.11,655.97,426.38,0,0.0,0.0,0.0,0.0,0,-116085.07
103,2.846184275337376,0.9547092784018334,3.301350799673143,2.8335969520086106,3152.03,305.62,3457.64,2723.42,1864.7,42.71,4630.82,3457.64,1173.18,762.57,0,0.0,0.0,0.0,0.0,0,-115322.51
104,2.7793516374574194,0.9279265515196083,1.041534602945798,2.9987730352123863,3078.01,297.04,3375.06,2882.17,588.29,42.71,3513.17,3375.06,138.11,89.77,0,0.0,0.0,0.0,0.0,0,-115232.73
105,2.476240126539083,0.9279265515196102,2.3398746462471065,1.5841832433731295,2742.33,297.04,3039.37,1522.58,1321.63,42.71,2886.92,2886.92,0,0.0,0,152.45,4.34,148.11,253.19,0,-115485.92
106,2.2863549639892624,0.8672331637478199,1.2584566348967086,1.5546601966341729,2532.04,277.61,2809.65,1494.21,710.81,42.71,2247.73,2247.73,0,0.0,0,561.92,15.99,545.94,933.22,0,-116419.14
107,2.8121545373087096,0.8065397759760291,1.5332168120108756,2.9140238323629357,3114.34,258.19,3372.53,2800.72,866.0,42.71,3709.43,3372.53,336.91,218.99,0,0.0,0.0,0.0,0.0,0,-116200.16
108,2.8839912110492834,0.7458463882042383,2.9936747763838114,2.5265762750904543,3193.9,238.76,3432.65,2428.33,1690.91,42.71,4161.96,3432.65,729.3,474.05,0,0.0,0.0,0.0,0.0,0,-115726.11
109,2.8972127685218574,0.6851530004324484,3.7360416525297273,3.561462482211323,3208.54,219.33,3427.87,3422.98,2110.22,42.71,5575.91,3427.87,2148.05,1396.23,0,0.0,0.0,0.0,0.0,0,-114329.88
110,2.9189309724098775,0.6244596126606581,3.109972982249714,2.41401032453939,3232.59,199.9,3432.49,2320.15,1756.6,42.71,4119.46,3432.49,686.97,446.53,0,0.0,0.0,0.0,0.0,0,-113883.35
111,2.780628729024074,0.5637662248888673,3.476664222485892,4.9096333393741745,3079.43,180.47,3259.9,4718.73,1963.72,42.71,6725.16,3259.9,3465.26,2118.93,205.36,0.0,0.0,0.0,0.0,0,-111764.42
112,2.340836738989138,0.503072837117077,2.7024408647700437,4.6471846330654385,2592.38,161.04,2753.42,4466.49,1526.41,42.71,6035.61,2753.42,3282.19,1789.72,528.78,0.0,0.0,0.0,0.0,0,-109974.7
113,2.1604183317608285,0.442379449345287,1.7057263444256976,3.502982137751097,2392.57,141.61,2534.18,3366.77,963.44,42.71,4372.93,2534.18,1838.74,1195.18,0,0.0,0.0,0.0,0.0,0,-108779.51
114,2.8046072429646256,0.3816860615734962,4.29578320621617,2.7172110640901264,3105.98,122.18,3228.17,2611.56,2426.38,42.71,5080.65,3228.17,1852.48,1204.11,0,0.0,0.0,0.0,0.0,0,-107575.4
115,2.902024530545237,0.3209926738017068,3.476381373893119,2.7805568501024576,3213.87,102.75,3316.62,2672.44,1963.56,42.71,4678.71,3316.62,1362.09,885.36,0,0.0,0.0,0.0,0.0,0,-106690.04
116,2.869709962541932,0.2602992860299165,2.36309106956077,3.991635405299496,3178.08,83.33,3261.41,3836.43,1334.74,42.71,5213.88,3261.41,1952.47,1269.11,0,0.0,0.0,0.0,0.0,0,-105420.94
117,2.8274572405763876,0.1996058982581265,0.9402835908507264,4.607084342691813,3131.29,63.9,3195.18,4427.94,531.1,42.71,5001.75,3195.18,1806.57,1174.27,0,0.0,0.0,0.0,0.0,0,-104246.67
118,2.7781657667169544,0.1389125104863366,1.914972814253461,2.1351775266784494,3076.7,44.47,3121.17,2052.15,1081.63,42.71,3176.5,3121.17,55.33,35.96,0,0.0,0.0,0.0,0.0,0,-104210.7
119,2.3988701176529945,0.0782191227145472,1.8625035218822257,2.862418469965636,2656.65,25.04,2681.68,2751.12,1051.99,42.71,3845.82,2681.68,1164.14,756.69,0,0.0,0.0,0.0,0.0,0,-103454.01
120,2.132501481551851,0.0175257349427564,0.830295895203718,5.269236992992194,2361.65,5.61,2367.26,5064.35,468.97,42.71,5576.04,2367.26,3208.77,1538.72,841.51,0.0,0.0,0.0,0.0,0,-101915.29
121,2.159740457238066,-0.043167652829033,1.1131743539775474,3.9250580608981385,2391.82,-13.82,2378.0,3772.44,628.75,42.71,4443.9,2378.0,2065.9,1342.84,0,0.0,0.0,0.0,0.0,0,-100572.46
122,2.769517813901181,-0.1038610406008229,2.2743714799020487,3.3279846516002816,3067.12,-33.25,3033.87,3198.58,1284.63,42.71,4525.92,3033.87,1492.05,969.83,0,0.0,0.0,0.0,0.0,0,-99602.63
123,2.7893526081562565,-0.1645544283726137,0.7731253429923493,5.530558727257699,3089.09,-52.68,3036.41,5315.51,436.68,42.71,5794.91,3036.41,2758.49,1793.02,0,0.0,0.0,0.0,0.0,0,-97809.61
124,2.799189162874955,-0.2252478161444036,1.6673256951037108,5.715649175884042,3099.98,-72.11,3027.88,5493.4,941.75,42.71,6477.87,3027.88,3449.99,1968.12,422.11,0.0,0.0,0.0,0.0,0,-95841.49
125,2.8545678516269466,-0.2859412039161935,2.983457090572819,4.201460400979097,3161.31,-91.53,3069.78,4038.09,1685.14,42.71,5765.94,3069.78,2696.17,1752.51,0,0.0,0.0,0.0,0.0,0,-94088.98
126,2.435875730298913,-0.3466345916879834,1.7078854805779862,3.701356373312721,2697.63,-110.96,2586.66,3557.43,964.66,42.71,4564.81,2586.66,1978.14,1285.79,0,0.0,0.0,0.0,0.0,0,-92803.18
127,2.2523230410306274,-0.4073279794597733,2.7515124603808836,3.9916806652209105,2494.35,-130.39,2363.96,3836.47,1554.13,42.71,5433.31,2363.96,3069.35,1536.57,705.39,0.0,0.0,0.0,0.0,0,-91266.61
128,2.7931161500271937,-0.4680213672315636,2.2960313575436797,4.1459943672851045,3093.26,-149.82,2943.44,3984.78,1296.86,42.71,5324.36,2943.44,2380.92,1547.6,0,0.0,0.0,0.0,0.0,0,-89719.01
129,2.8693461717021576,-0.5287147550033531,2.7980876097163763,4.82838725444224,3177.68,-169.25,3008.43,4640.64,1580.44,42.71,6263.79,3008.43,3255.36,1955.48,246.94,0.0,0.0,0.0,0.0,0,-87763.53
130,2.8883266583395053,-0.5894081427751434,1.7165940549530017,2.9782793427957075,3198.7,-188.68,3010.02,2862.47,969.58,42.71,3874.77,3010.02,864.75,562.08,0,0.0,0.0,0.0,0.0,0,-87201.45
131,2.86097078889997,-0.6501015305469338,0.8350498597505793,2.5290882007289825,3168.4,-208.11,2960.3,2430.75,471.66,42.71,2945.12,2945.12,0,0.0,0,15.18,0.43,14.74,25.2,0,-87226.65
132,2.7945718596187823,-0.7107949183187232,1.9764440705338304,3.625636524785548,3094.87,-227.54,2867.33,3484.66,1116.35,42.71,4643.72,2867.33,1776.39,1154.65,0,0.0,0.0,0.0,0.0,0,-86072.0
133,2.3485610126606793,-0.7714883060905133,1.6447891625068378,4.155861030153558,2600.93,-246.97,2353.97,3994.27,929.02,42.71,4966.0,2353.97,2612.04,1530.08,258.07,0.0,0.0,0.0,0.0,0,-84541.92
134,2.1479483901974574,-0.8321816938623035,0.6870743683176197,4.0573211292489795,2378.76,-266.39,2112.37,3899.56,388.08,42.71,4330.35,2112.37,2217.98,1373.04,105.61,0.0,0.0,0.0,0.0,0,-83168.88
135,2.716954953646241,-0.8928750816340991,1.4107135053395357,4.170484510762721,3008.91,-285.82,2723.09,4008.32,796.81,42.71,4847.84,2723.09,2124.76,1381.09,0,0.0,0.0,0.0,0.0,0,-81787.79
136,2.8487177016359833,-0.9649031469445812,3.813308509416464,2.956264917019487,3154.83,-308.88,2845.95,2841.31,2153.86,42.71,5037.89,2845.95,2191.94,1424.76,0,0.0,0.0,0.0,0.0,0,-80363.03
137,2.8252023928487784,-1.0369312122550631,2.8109106648632873,4.6457317895880195,3128.79,-331.94,2796.85,4465.09,1587.68,42.71,6095.48,2796.85,3298.63,1817.95,501.78,0.0,0.0,0.0,0.0,0,-78545.08
138,2.180297370847768,-1.108959277565545,0.9646138402999074,5.37950373953538,2414.59,-354.99,2059.59,5170.33,544.84,42.71,5757.88,2059.59,3698.29,1338.73,1638.7,0.0,0.0,0.0,0.0,0,-77206.34
139,2.4054915479228787,-1.1809873428760271,1.7329535959213584,4.618829292298987,2663.98,-378.05,2285.93,4439.23,978.82,42.71,5460.77,2285.93,3174.84,1485.85,888.91,0.0,0.0,0.0,0.0,0,-75720.49
140,2.278881411031619,-1.253015408186509,2.762847485974509,4.335660593966496,2523.76,-401.11,2122.65,4167.07,1560.53,42.71,5770.32,2122.65,3647.67,1379.73,1525.01,0.0,0.0,0.0,0.0,0,-74340.77
141,2.1658659084050744,-1.325043473496991,2.146332422200716,4.944569472714358,2398.6,-424.17,1974.44,4752.31,1212.31,42.71,6007.33,1974.44,4032.89,1283.38,2058.45,0.0,0.0,0.0,0.0,0,-73057.38
142,2.722556021620782,-1.397071538807473,1.8992808662369915,5.222433708257017,3015.11,-447.22,2567.89,5019.37,1072.77,42.71,6134.85,2567.89,3566.96,1669.13,999.07,0.0,0.0,0.0,0.0,0,-71388.25
143,2.807990607021024,-1.4690996041179551,3.664226219142218,2.931435324131258,3109.73,-470.28,2639.45,2817.45,2069.66,42.71,4929.82,2639.45,2290.37,1488.74,0,0.0,0.0,0.0,0.0,0,-69899.51
144,2.7521410658607963,-1.541127669428437,1.4773041454667477,3.72088150341112,3047.88,-493.34,2554.54,3576.2,834.42,42.71,4453.33,2554.54,1898.79,1234.22,0,0.0,0.0,0.0,0.0,0,-68665.3
145,2.7405887948842436,-1.613155734738919,1.7348896154818318,5.44627117560668,3035.08,-516.4,2518.69,5234.5,979.91,42.71,6257.13,2518.69,3738.44,1637.15,1219.75,0.0,0.0,0.0,0.0,0,-67028.15
146,2.6824221354923012,-1.685183800049401,1.943932293776914,6.059823722291712,2970.67,-539.45,2431.21,5824.2,1097.99,42.71,6964.9,2431.21,4533.68,1580.29,2102.47,0.0,0.0,0.0,0.0,0,-65447.86
147,2.181343952302734,-1.7572118653598827,0.8370052043701864,6.391483900428154,2415.74,-562.51,1853.23,6142.96,472.76,42.71,6658.44,1853.23,4805.2,1204.6,2951.97,0.0,0.0,0.0,0.0,0,-64243.26
148,1.9695559592825451,-1.829239930670365,1.0008237306455692,6.135883020229497,2181.2,-585.57,1595.63,5897.3,565.29,42.71,6505.3,1595.63,4909.67,1037.16,3314.04,0.0,0.0,0.0,0.0,0,-63206.1
149,2.023156661272577,-1.901267995980847,1.9010148510883411,6.075691850739785,2240.56,-608.62,1631.93,5839.45,1073.75,42.71,6955.91,1631.93,5323.97,1060.76,3692.04,0.0,0.0,0.0,0.0,0,-62145.34
150,2.5804061165602503,-1.9732960612913288,1.427109939602602,5.840136589735798,2857.69,-631.68,2226.01,5613.05,806.07,42.71,6461.83,2226.01,4235.83,1446.9,2009.82,0.0,0.0,0.0,0.0,0,-60698.43
151,2.7077640457332675,-2.0453241266018107,1.7694410643891203,6.428705659799791,2998.73,-654.74,2343.99,6178.74,999.43,42.71,7220.88,2343.99,4876.88,1523.6,2532.89,0.0,0.0,0.0,0.0,0,-59174.84
152,2.7600871099241524,-2.1173521919122926,2.2741571474280216,5.729118528497125,3056.68,-677.8,2378.88,5506.35,1284.51,42.71,6833.57,2378.88,4454.69,1546.27,2075.81,0.0,0.0,0.0,0.0,0,-57628.57
153,2.6706759519810337,-2.189380257222775,1.7352321960755634,5.707162940618743,2957.66,-700.85,2256.81,5485.25,980.11,42.71,6508.07,2256.81,4251.26,1466.92,1994.46,0.0,0.0,0.0,0.0,0,-56161.64
154,2.2299602828018656,-2.261408322533257,1.414304452691267,6.519379386362456,2469.59,-723.91,1745.67,6265.88,798.84,42.71,7107.43,1745.67,5361.76,1134.69,3616.08,0.0,0.0,0.0,0.0,0,-55026.95
155,2.074254525983562,-2.3334363878437387,0.9003738300927625,6.382671793728668,2297.15,-746.97,1550.18,6134.49,508.56,42.71,6685.76,1550.18,5135.58,1007.62,3585.4,0.0,0.0,0.0,0.0,0,-54019.34
156,2.6169774743749064,-2.405464453154221,0.8963542177929773,5.8275045456688925,2898.19,-770.03,2128.16,5600.91,506.29,42.71,6149.91,2128.16,4021.74,1383.31,1893.58,0.0,0.0,0.0,0.0,0,-52636.03
157,2.7033106122247403,-2.477492518464703,0.8759118188767617,4.742968204755848,2993.8,-793.08,2200.72,4558.54,494.74,42.71,5096.0,2200.72,2895.28,1430.47,694.56,0.0,0.0,0.0,0.0,0,-51205.56
158,2.6863779512004764,-2.549520583775185,0.714819882762772,5.032464240102145,2975.05,-816.14,2158.91,4836.78,403.75,42.71,5283.25,2158.91,3124.34,1403.29,965.43,0.0,0.0,0.0,0.0,0,-49802.27
159,2.34400543367612,-2.6215486490856668,1.05036264132273,5.109120969002606,2595.89,-839.2,1756.69,4910.46,593.27,42.71,5546.45,1756.69,3789.76,1141.85,2033.07,0.0,0.0,0.0,0.0,0,-48660.43
160,2.497366760638101,-2.6935767143961487,1.7413670239386974,5.9601885312888925,2765.73,-862.25,1903.47,5728.44,983.57,42.71,6754.72,1903.47,4851.25,1237.26,2947.78,0.0,0.0,0.0,0.0,0,-47423.17
161,2.3220206683319287,-2.739726027397261,2.4343724285867694,5.72634862130653,2571.54,-877.03,1694.51,5503.69,1375.0,42.71,6921.4,1694.51,5226.89,1101.43,3532.38,0.0,0.0,0.0,0.0,0,-46321.74
162,2.187616886242624,-2.739726027397261,2.456162311171663,6.2197587065956395,2422.69,-877.03,1545.66,5977.91,1387.31,42.71,7407.93,1545.66,5862.27,1004.68,4316.61,0.0,0.0,0.0,0.0,0,-45317.06
163,2.7546056668653924,-2.739726027397261,2.228028231276159,6.360200242746157,3050.61,-877.03,2173.58,6112.89,1258.45,42.71,7414.06,2173.58,5240.48,1412.83,3066.9,0.0,0.0,0.0,0.0,0,-43904.23
164,2.7925245802381915,-2.739726027397261,2.432013014548915,6.4387669403303285,3092.6,-877.03,2215.57,6188.41,1373.67,42.71,7604.79,2215.57,5389.21,1440.12,3173.64,0.0,0.0,0.0,0.0,0,-42464.11
165,2.7601985413525516,-2.739726027397261,1.7669779977613675,5.730096142799686,3056.8,-877.03,2179.77,5507.29,998.04,42.71,6548.04,2179.77,4368.27,1416.85,2188.49,0.0,0.0,0.0,0.0,0,-41047.25
166,2.7471594255323573,-2.739726027397261,0.7927789281312031,5.308748904387425,3042.36,-877.03,2165.33,5102.33,447.78,42.71,5592.82,2165.33,3427.49,1407.47,1262.15,0.0,0.0,0.0,0.0,0,-39639.79
167,2.7124534516784045,-2.739726027397261,0.9164118723500788,4.543439841198143,3003.93,-877.03,2126.9,4366.77,517.62,42.71,4927.1,2126.9,2800.2,1382.48,673.31,0.0,0.0,0.0,0.0,0,-38257.3
168,2.2962029895902965,-2.739726027397261,0.3664259598789812,5.521805458456052,2542.95,-877.03,1665.92,5307.1,206.97,42.71,5556.78,1665.92,3890.86,1082.85,2224.94,0.0,0.0,0.0,0.0,0,-37174.46
169,2.161970178271036,-2.739726027397261,0.3558850185333905,5.648931525726299,2394.29,-877.03,1517.26,5429.28,201.01,42.71,5673.01,1517.26,4155.74,986.22,2638.48,0.0,0.0,0.0,0.0,0,-36188.24
170,2.731316498329939,-2.739726027397261,1.7689245582631865,4.40386276954665,3024.82,-877.03,2147.79,4232.63,999.14,42.71,5274.47,2147.79,3126.69,1396.06,978.9,0.0,0.0,0.0,0.0,0,-34792.17
171,2.834150773535236,-2.739726027397261,1.061156565260615,4.904767897822071,3138.7,-877.03,2261.67,4714.05,599.37,42.71,5356.14,2261.67,3094.46,1470.09,832.79,0.0,0.0,0.0,0.0,0,-33322.09
172,2.8677189451080327,-2.739726027397261,1.3687956952552367,4.786797912654063,3175.88,-877.03,2298.85,4600.67,773.13,42.71,5416.52,2298.85,3117.67,1494.25,818.82,0.0,0.0,0.0,0.0,0,-31827.84
173,2.820462733514363,-2.739726027397261,1.391130193142986,4.681007372338813,3123.54,-877.03,2246.51,4498.99,785.75,42.71,5327.45,2246.51,3080.94,1460.23,834.43,0.0,0.0,0.0,0.0,0,-30367.6
174,2.724653008158159,-2.739726027397261,2.4692840263233657,2.9607999611452627,3017.44,-877.03,2140.41,2845.67,1394.72,42.71,4283.11,2140.41,2142.7,1391.27,2.29,0.0,0.0,0.0,0.0,0,-28976.34
175,2.274779205015547,-2.739726027397261,0.5115712085606499,5.8880351645692155,2519.22,-877.03,1642.19,5659.09,288.95,42.71,5990.75,1642.19,4348.56,1067.43,2706.36,0.0,0.0,0.0,0.0,0,-27908.91
176,2.125328356464892,-2.739726027397261,0.3325912949831927,5.968869384216275,2353.71,-877.03,1476.68,5736.78,187.86,42.71,5967.35,1476.68,4490.66,959.84,3013.98,0.0,0.0,0.0,0.0,0,-26949.07
177,2.753247186657407,-2.739726027397261,3.147634008853952,5.336398190379804,3049.1,-877.03,2172.08,5128.9,1777.87,42.71,6949.48,2172.08,4777.41,1411.85,2605.33,0.0,0.0,0.0,0.0,0,-25537.22
178,2.811800032421302,-2.739726027397261,2.762139486080797,4.563358732612852,3113.95,-877.03,2236.92,4385.92,1560.13,42.71,5988.76,2236.92,3751.84,1454.0,1514.92,0.0,0.0,0.0,0.0,0,-24083.22
179,2.774122007577543,-2.739726027397261,1.163270177722467,4.698102044657231,3072.22,-877.03,2195.19,4515.42,657.05,42.71,5215.18,2195.19,3019.99,1426.88,824.8,0.0,0.0,0.0,0.0,0,-22656.35
180,2.7828125665277037,-2.739726027397261,0.5542022890093338,4.373611038072913,3081.85,-877.03,2204.82,4203.55,313.03,42.71,4559.29,2204.82,2354.47,1433.13,149.65,0.0,0.0,0.0,0.0,0,-21223.21
181,2.714587035792756,-2.739726027397261,0.7184705621154616,3.088224743896848,3006.29,-877.03,2129.26,2968.14,405.81,42.71,3416.67,2129.26,1287.41,836.81,0,0.0,0.0,0.0,0.0,0,-20386.4
182,2.3223445841997754,-2.739726027397261,3.3892394117891205,3.5609646230757592,2571.9,-877.03,1694.87,3422.5,1914.34,42.71,5379.55,1694.87,3684.68,1101.66,1989.81,0.0,0.0,0.0,0.0,0,-19284.73
183,2.204342525152362,-2.739726027397261,3.8645041047084407,4.5610187946757,2441.21,-877.03,1564.19,4383.67,2182.78,42.71,6609.16,1564.19,5044.98,1016.72,3480.79,0.0,0.0,0.0,0.0,0,-18268.01
184,2.761407353857687,-2.739726027397261,4.228328208898619,4.235658797600216,3058.14,-877.03,2181.11,4070.96,2388.28,42.71,6501.95,2181.11,4320.84,1417.72,2139.73,0.0,0.0,0.0,0.0,0,-16850.29
185,2.819616073151525,-2.739726027397261,3.4051035285142346,5.133660898393781,3122.6,-877.03,2245.58,4934.05,1923.3,42.71,6900.06,2245.58,4654.48,1459.62,2408.9,0.0,0.0,0.0,0.0,0,-15390.67
186,2.819795783641444,-2.739726027397261,4.831020584921227,4.210693424947743,3122.8,-877.03,2245.78,4046.97,2728.7,42.71,6818.37,2245.78,4572.6,1459.75,2326.82,0.0,0.0,0.0,0.0,0,-13930.91
187,2.737273163656872,-2.739726027397261,1.5749044782091293,5.5311108982989605,3031.41,-877.03,2154.38,5316.04,889.55,42.71,6248.3,2154.38,4093.92,1400.35,1939.53,0.0,0.0,0.0,0.0,0,-12530.56
188,2.6662181486125696,-2.739726027397261,0.5627123423223407,6.511001774908552,2952.72,-877.03,2075.69,6257.83,317.84,42.71,6618.38,2075.69,4542.68,1349.2,2466.99,0.0,0.0,0.0,0.0,0,-11181.36
189,2.297126122502036,-2.739726027397261,1.538842161042306,5.95824235466805,2543.97,-877.03,1666.94,5726.57,869.18,42.71,6638.46,1666.94,4971.52,1083.51,3304.58,0.0,0.0,0.0,0.0,0,-10097.85
190,2.1933501424802664,-2.739726027397261,1.2094078779921176,5.7281363882024205,2429.04,-877.03,1552.01,5505.41,683.11,42.71,6231.23,1552.01,4679.21,1008.81,3127.2,0.0,0.0,0.0,0.0,0,-9089.04
191,2.748373154129922,-2.739726027397261,1.262546520138798,4.666370313753226,3043.71,-877.03,2166.68,4484.93,713.12,42.71,5240.76,2166.68,3074.08,1408.34,907.4,0.0,0.0,0.0,0.0,0,-7680.7
192,2.790688146599572,-2.739726027397261,1.4815784971823844,5.897046414922928,3090.57,-877.03,2213.54,5667.75,836.84,42.71,6547.3,2213.54,4333.76,1438.8,2120.22,0.0,0.0,0.0,0.0,0,-6241.9
193,2.8090929041901895,-2.739726027397261,3.079388440935482,4.499329521787155,3110.95,-877.03,2233.92,4324.38,1739.33,42.71,6106.42,2233.92,3872.49,1452.05,1638.57,0.0,0.0,0.0,0.0,0,-4789.85
194,2.753205672988003,-2.739726027397261,2.227209551498318,4.727760871160433,3049.06,-877.03,2172.03,4543.93,1257.99,42.71,5844.63,2172.03,3672.6,1411.82,1500.57,0.0,0.0,0.0,0.0,0,-3378.03
195,2.6760525184013,-2.739726027397261,0.7917107794081832,5.2660054346031675,2963.61,-877.03,2086.59,5061.24,447.18,42.71,5551.14,2086.59,3464.55,1356.28,1377.97,0.0,0.0,0.0,0.0,0,-2021.75
196,2.378807544448691,-2.739726027397261,3.1742779949284894,4.844101499157502,2634.43,-877.03,1757.4,4655.75,1792.92,42.71,6491.38,1757.4,4733.98,1142.31,2976.58,0.0,0.0,0.0,0.0,0,-879.44
197,2.164303683477516,-2.739726027397261,3.165186433017918,4.921934986014752,2396.87,-877.03,1519.85,4730.55,1787.79,42.71,6561.05,1519.85,5041.2,987.9,3521.36,0.0,0.0,0.0,0.0,0,108.46
198,2.6815339614600595,-2.739726027397261,2.9009707108964564,4.985805787115497,2969.68,-877.03,2092.66,4791.94,1638.55,42.71,6473.2,2092.66,4380.55,1360.23,2287.89,0.0,0.0,0.0,0.0,0,1468.69
199,2.7308554781065615,-2.739726027397261,1.067338827359804,5.329224492835538,3024.31,-877.03,2147.28,5122.01,602.86,42.71,5767.58,2147.28,3620.3,1395.73,1473.02,0.0,0.0,0.0,0.0,0,2864.42
200,2.701536449090226,-2.739726027397261,0.8856323236209539,4.398866074222442,2991.84,-877.03,2114.81,4227.82,500.23,42.71,4770.76,2114.81,2655.96,1374.63,541.15,0.0,0.0,0.0,0.0,0,4239.04
201,2.7019046097899375,-2.739726027397261,1.4373100571780186,4.831225051514956,2992.24,-877.03,2115.22,4643.37,811.83,42.71,5497.91,2115.22,3382.7,1374.89,1267.48,0.0,0.0,0.0,0.0,0,5613.93
202,2.616009004166318,-2.739726027397261,0.7149270489997854,3.495953271955358,2897.12,-877.03,2020.09,3360.02,403.81,42.71,3806.54,2020.09,1786.45,1161.19,0,0.0,0.0,0.0,0.0,0,6775.12
203,2.216315941380365,-2.739726027397261,1.710682343681683,4.620671371100575,2454.47,-877.03,1577.45,4441.0,966.24,42.71,5449.96,1577.45,3872.51,1025.34,2295.06,0.0,0.0,0.0,0.0,0,7800.46
204,2.1423648016626653,-2.739726027397261,3.58226337288602,3.660912107536342,2372.58,-877.03,1495.55,3518.56,2023.36,42.71,5584.64,1495.55,4089.09,972.11,2593.54,0.0,0.0,0.0,0.0,0,8772.57
205,2.6689908247427403,-2.739726027397261,2.8103028039123585,3.2519932435446193,2955.79,-877.03,2078.76,3125.54,1587.34,42.71,4755.59,2078.76,2676.83,1351.2,598.06,0.0,0.0,0.0,0.0,0,10123.77
206,2.676227859031281,-2.739726027397261,1.9237446342765496,3.2100463483772654,2963.81,-877.03,2086.78,3085.23,1086.59,42.71,4214.52,2086.78,2127.74,1356.41,40.97,0.0,0.0,0.0,0.0,0,11480.18
207,2.6579623907261625,-2.739726027397261,2.146137414785822,4.01071698816803,2943.58,-877.03,2066.55,3854.77,1212.2,42.71,5109.68,2066.55,3043.12,1343.26,976.57,0.0,0.0,0.0,0.0,0,12823.43
208,2.682801767074348,-2.739726027397261,2.4037088302124463,2.259411484970282,2971.09,-877.03,2094.06,2171.56,1357.68,42.71,3571.95,2094.06,1477.89,960.63,0,0.0,0.0,0.0,0.0,0,13784.06
209,2.633378651184305,-2.739726027397261,1.6908460488928387,3.1446593399091203,2916.35,-877.03,2039.33,3022.38,955.04,42.71,4020.13,2039.33,1980.81,1287.52,0,0.0,0.0,0.0,0.0,0,15071.59
210,2.242866117893975,-2.739726027397261,1.7366886028048127,3.560349088144516,2483.88,-877.03,1606.85,3421.91,980.93,42.71,4445.55,1606.85,2838.7,1044.45,1231.85,0.0,0.0,0.0,0.0,0,16116.04
211,2.091417697119515,-2.739726027397261,2.7927925435137744,3.987399076655059,2316.16,-877.03,1439.13,3832.36,1577.45,42.71,5452.51,1439.13,4013.39,935.43,2574.26,0.0,0.0,0.0,0.0,0,17051.47
212,2.6484071457409226,-2.739726027397261,3.860983430299014,2.8874743624609396,2933.0,-877.03,2055.97,2775.2,2180.79,42.71,4998.7,2055.97,2942.73,1336.38,886.76,0.0,0.0,0.0,0.0,0,18387.85
213,2.676380804129084,-2.739726027397261,3.755646046608968,3.057873440595998,2963.98,-877.03,2086.95,2938.97,2121.29,42.71,5102.98,2086.95,3016.03,1356.52,929.08,0.0,0.0,0.0,0.0,0,19744.37
214,2.728574411219329,-2.739726027397261,3.6124333038406578,2.5519263570749544,3021.78,-877.03,2144.75,2452.7,2040.4,42.71,4535.81,2144.75,2391.06,1394.09,246.31,0.0,0.0,0.0,0.0,0,21138.46
215,2.717574381292343,-2.739726027397261,4.925015915723417,3.737215809049768,3009.6,-877.03,2132.57,3591.9,2781.79,42.71,6416.4,2132.57,4283.83,1386.17,2151.26,0.0,0.0,0.0,0.0,0,22524.63
216,2.59643967890243,-2.739726027397261,1.4142113410427144,3.4221298141354706,2875.45,-877.03,1998.42,3289.07,798.79,42.71,4130.56,1998.42,2132.15,1298.97,133.73,0.0,0.0,0.0,0.0,0,23823.6
217,2.190417966462386,-2.739726027397261,0.6579146109086006,3.4870551714051836,2425.79,-877.03,1548.77,3351.47,371.61,42.71,3765.79,1548.77,2217.02,1006.7,668.25,0.0,0.0,0.0,0.0,0,24830.3
218,2.123950758119681,-2.739726027397261,1.858538371112726,2.573587755464138,2352.18,-877.03,1475.16,2473.52,1049.75,42.71,3565.98,1475.16,2090.83,958.85,615.67,0.0,0.0,0.0,0.0,0,25789.15
219,2.6480646579683427,-2.739726027397261,4.993402029526494,2.9855345081985205,2932.62,-877.03,2055.59,2869.45,2820.41,42.71,5732.57,2055.59,3676.98,1336.13,1621.39,0.0,0.0,0.0,0.0,0,27125.28
220,2.667668942111729,-2.739726027397261,4.511440325205609,4.048427554690946,2954.33,-877.03,2077.3,3891.01,2548.19,42.71,6481.91,2077.3,4404.61,1350.25,2327.31,0.0,0.0,0.0,0.0,0,28475.53
221,2.674344995630828,-2.739726027397261,2.3551098201386,3.5405297685569197,2961.72,-877.03,2084.69,3402.86,1330.23,42.71,4775.8,2084.69,2691.11,1355.05,606.42,0.0,0.0,0.0,0.0,0,29830.58
222,2.6436150480872604,-2.739726027397261,0.6858744578277799,5.398196087079745,2927.69,-877.03,2050.66,5188.3,387.4,42.71,5618.41,2050.66,3567.75,1332.93,1517.08,0.0,0.0,0.0,0.0,0,31163.51
223,2.587203979925099,-2.739726027397261,0.5772272185552191,5.594483840264141,2865.22,-877.03,1988.19,5376.95,326.03,42.71,5745.7,1988.19,3757.51,1292.32,1769.32,0.0,0.0,0.0,0.0,0,32455.83
224,2.305646256914645,-2.739726027397261,1.399772008222813,3.355461949891284,2553.4,-877.03,1676.38,3224.99,790.63,42.71,4058.33,1676.38,2381.96,1089.64,705.58,0.0,0.0,0.0,0.0,0,33545.48
225,2.105484822489942,-2.739726027397261,1.1199240700858406,4.19573954691225,2331.73,-877.03,1454.71,4032.59,632.56,42.71,4707.87,1454.71,3253.16,945.56,1798.46,0.0,0.0,0.0,0.0,0,34491.04
226,2.59659699386017,-2.739726027397261,0.5894353854569706,4.695314033498072,2875.62,-877.03,1998.59,4512.74,332.93,42.71,4888.38,1998.59,2889.79,1299.08,891.2,0.0,0.0,0.0,0.0,0,35790.12
227,2.641789539098484,-2.739726027397261,1.1992235718287192,4.100960745477252,2925.67,-877.03,2048.64,3941.5,677.36,42.71,4661.57,2048.64,2612.93,1331.62,564.29,0.0,0.0,0.0,0.0,0,37121.74
228,2.667140189059325,-2.739726027397261,0.6029031948495204,4.333026466540148,2953.74,-877.03,2076.72,4164.54,340.54,42.71,4547.79,2076.72,2471.08,1349.87,394.36,0.0,0.0,0.0,0.0,0,38471.6
229,2.712544672504594,-2.739726027397261,1.2839340901290013,3.5754477979285357,3004.03,-877.03,2127.0,3436.42,725.2,42.71,4204.34,2127.0,2077.34,1350.27,0,0.0,0.0,0.0,0.0,0,39821.87
230,2.667020017911051,-2.739726027397261,1.04282059778996,5.165967430299754,2953.61,-877.03,2076.58,4965.1,589.01,42.71,5596.82,2076.58,3520.24,1349.78,1443.66,0.0,0.0,0.0,0.0,0,41171.65
231,2.3278172875386605,-2.739726027397261,1.5034544641216003,4.496283529075931,2577.96,-877.03,1700.93,4321.45,849.19,42.71,5213.36,1700.93,3512.43,1105.6,1811.5,0.0,0.0,0.0,0.0,0,42277.26
232,2.138912612312256,-2.739726027397261,0.470869120378209,5.071795111811717,2368.75,-877.03,1491.73,4874.59,265.96,42.71,5183.26,1491.73,3691.53,969.62,2199.8,0.0,0.0,0.0,0.0,0,43246.88
233,2.6857557923919138,-2.739726027397261,0.3369745697594008,5.0360035659567925,2974.36,-877.03,2097.33,4840.19,190.33,42.71,5073.23,2097.33,2975.9,1363.27,878.57,0.0,0.0,0.0,0.0,0,44610.14
234,2.741199482810471,-2.739726027397261,0.4818229152598353,4.71313739055127,3035.76,-877.03,2158.73,4529.87,272.15,42.71,4844.73,2158.73,2686.0,1403.18,527.27,0.0,0.0,0.0,0.0,0,46013.32
235,2.7128145113557176,-2.739726027397261,0.3907526956810469,5.096384827116446,3004.33,-877.03,2127.3,4898.22,220.71,42.71,5161.64,2127.3,3034.34,1382.74,907.04,0.0,0.0,0.0,0.0,0,47396.06
236,2.7559259107989273,-2.7281144877569257,0.590217171940102,4.222850239839792,3052.07,-873.31,2178.76,4058.65,333.37,42.71,4434.73,2178.76,2255.97,1416.19,77.22,0.0,0.0,0.0,0.0,0,48812.26
237,2.738177724663878,-2.711034097468768,1.3129181651822606,2.685646794895356,3032.41,-867.84,2164.57,2581.22,741.57,42.71,3365.5,2164.57,1200.93,780.61,0,0.0,0.0,0.0,0.0,0,49592.86
238,2.305184690458775,-2.6939537071806106,1.496328787771981,3.5057203629966995,2552.89,-862.38,1690.52,3369.41,845.17,42.71,4257.29,1690.52,2566.77,1098.84,876.25,0.0,0.0,0.0,0.0,0,50691.7
239,2.1268315882832978,-2.6768733168924532,0.960095290109764,2.008929501883652,2355.37,-856.91,1498.47,1930.82,542.29,42.71,2515.82,1498.47,1017.35,661.28,0,0.0,0.0,0.0,0.0,0,51352.98
240,2.66747885320446,-2.659792926604295,1.1046168664284852,2.2537992547148313,2954.12,-851.44,2102.68,2166.16,623.92,42.71,2832.79,2102.68,730.12,474.57,0,0.0,0.0,0.0,0.0,0,51827.55
241,2.7341896812386657,-2.642712536316138,0.4171243741041572,1.9971528703314885,3028.0,-845.97,2182.03,1919.5,235.6,42.71,2197.81,2182.03,15.79,10.26,0,0.0,0.0,0.0,0.0,0,51837.81
242,2.7099151092873677,-2.6256321460279803,0.9621683419077304,3.130076593229231,3001.11,-840.5,2160.61,3008.37,543.46,42.71,3594.54,2160.61,1433.93,932.05,0,0.0,0.0,0.0,0.0,0,52769.86
243,2.7207425297468326,-2.608551755739823,2.307224080429139,3.529490873723819,3013.11,-835.04,2178.07,3392.25,1303.18,42.71,4738.15,2178.07,2560.08,1415.74,382.01,0.0,0.0,0.0,0.0,0,54185.61
244,2.7246999841524846,-2.5914713654516652,1.1701534124211377,3.0582355199673175,3017.49,-829.57,2187.92,2939.32,660.94,42.71,3642.97,2187.92,1455.05,945.78,0,0.0,0.0,0.0,0.0,0,55131.39
245,2.2644084349195217,-2.574390975163508,0.3155290245917965,4.351773125990211,2507.74,-824.1,1683.63,4182.56,178.22,42.71,4403.49,1683.63,2719.86,1094.36,1036.22,0.0,0.0,0.0,0.0,0,56225.75
246,2.126856168745445,-2.55731058487535,0.7582836975777576,4.003855584081526,2355.4,-818.63,1536.77,3848.17,428.3,42.71,4319.18,1536.77,2782.41,998.9,1245.65,0.0,0.0,0.0,0.0,0,57224.65
247,2.6352839101169367,-2.540230194587193,0.8863069438670718,5.224800802147018,2918.46,-813.17,2105.3,5021.64,500.61,42.71,5564.96,2105.3,3459.67,1368.44,1354.37,0.0,0.0,0.0,0.0,0,58593.1
248,2.740166557167809,-2.523149804299035,1.316289509589292,5.132226158884927,3034.62,-807.7,2226.92,4932.67,743.48,42.71,5718.86,2226.92,3491.94,1447.5,1265.02,0.0,0.0,0.0,0.0,0,60040.59
249,2.754352214989033,-2.5060694140108777,1.0017091697185985,5.167384065840042,3050.33,-802.23,2248.1,4966.46,565.79,42.71,5574.96,2248.1,3326.87,1461.26,1078.77,0.0,0.0,0.0,0.0,0,61501.85
250,2.7783760662264334,-2.48898902372272,2.160708509372544,5.280588181283057,3076.93,-796.76,2280.17,5075.26,1220.43,42.71,6338.4,2280.17,4058.23,1482.11,1778.06,0.0,0.0,0.0,0.0,0,62983.96
251,2.726530409233691,-2.4719086334345626,1.2330635071951808,5.174032748295895,3019.52,-791.3,2228.22,4972.85,696.47,42.71,5712.03,2228.22,3483.81,1448.34,1255.59,0.0,0.0,0.0,0.0,0,64432.31
252,2.3365384355083822,-2.454828243146405,0.3458500423723882,5.018415560494952,2587.62,-785.83,1801.79,4823.28,195.35,42.71,5061.34,1801.79,3259.55,1171.16,1457.76,0.0,0.0,0.0,0.0,0,65603.47
253,2.1665257572555956,-2.4377478528582475,0.1406530508448893,4.773907887035092,2399.33,-780.36,1618.97,4588.28,79.44,42.71,4710.44,1618.97,3091.46,1052.33,1472.49,0.0,0.0,0.0,0.0,0,66655.8
254,2.7504712331322834,-2.4206674625700897,0.5676103664009252,4.787327453734618,3046.03,-774.89,2271.14,4601.18,320.6,42.71,4964.49,2271.14,2693.36,1476.24,422.22,0.0,0.0,0.0,0.0,0,68132.04
255,2.858542785472347,-2.4035870722819324,0.6502495897267985,3.8774174676167865,3165.71,-769.42,2396.29,3726.65,367.28,42.71,4136.64,2396.29,1740.35,1131.23,0,0.0,0.0,0.0,0.0,0,69263.27
256,2.8691948653018313,-2.386506681993775,1.915605270734196,2.1584320743014387,3177.51,-763.96,2413.55,2074.5,1081.99,42.71,3199.2,2413.55,785.65,510.67,0,0.0,0.0,0.0,0.0,0,69773.94
257,2.7743497865267703,-2.3694262917056172,0.4481252826015394,3.9834071515862624,3072.47,-758.49,2313.98,3828.52,253.11,42.71,4124.34,2313.98,1810.36,1176.73,0,0.0,0.0,0.0,0.0,0,70950.68
258,2.7050487240147723,-2.3694262917056212,1.1500254849217324,4.750938476917017,2995.73,-758.49,2237.24,4566.21,649.57,42.71,5258.48,2237.24,3021.25,1454.2,784.01,0.0,0.0,0.0,0.0,0,72404.88
259,2.316646833074123,-2.301225730287442,0.8888051469659767,4.572351878997998,2565.59,-736.66,1828.93,4394.56,502.02,42.71,4939.3,1828.93,3110.37,1188.8,1281.44,0.0,0.0,0.0,0.0,0,73593.68
260,2.1617751732713373,-2.2330251688692626,1.041705014830885,4.004136195594299,2394.07,-714.83,1679.25,3848.44,588.38,42.71,4479.54,1679.25,2800.29,1091.51,1121.04,0.0,0.0,0.0,0.0,0,74685.2
261,2.800366293895546,-2.1648246074510835,3.590949108554786,2.188615915893054,3101.29,-692.99,2408.29,2103.51,2028.27,42.71,4174.49,2408.29,1766.2,1148.03,0,0.0,0.0,0.0,0.0,0,75833.23
262,2.769737399363027,-2.096624046032904,4.5530296092846365,3.468996462760628,3067.37,-671.16,2396.2,3334.11,2571.68,42.71,5948.5,2396.2,3552.3,1557.53,1156.09,0.0,0.0,0.0,0.0,0,77390.76
263,2.7652998065967727,-2.028423484614725,3.674661751074352,4.091926865162832,3062.45,-649.33,2413.12,3932.82,2075.55,42.71,6051.08,2413.12,3637.96,1568.53,1224.84,0.0,0.0,0.0,0.0,0,78959.29
264,2.8491049804729203,-1.9602229231965456,2.705009340811253,3.3793410844297993,3155.26,-627.5,2527.76,3247.94,1527.87,42.71,4818.52,2527.76,2290.75,1488.99,0,0.0,0.0,0.0,0.0,0,80448.28
265,2.749769324379866,-1.8920223617783665,2.293728161859668,1.8068846866952772,3045.25,-605.67,2439.59,1736.63,1295.56,42.71,3074.9,2439.59,635.31,412.95,0,0.0,0.0,0.0,0.0,0,80861.23
266,2.3076296270936543,-1.8238218003601872,2.2586215567081784,2.91582517723525,2555.6,-583.83,1971.77,2802.45,1275.73,42.71,4120.89,1971.77,2149.12,1281.65,177.36,0.0,0.0,0.0,0.0,0,82142.88
267,2.107674122318493,-1.7556212389420076,1.4731703396357183,4.067314519897395,2334.16,-562.0,1772.16,3909.16,832.09,42.71,4783.96,1772.16,3011.8,1151.9,1239.65,0.0,0.0,0.0,0.0,0,83294.78
268,2.701011519665266,-1.6874206775238283,2.237984150377069,4.426080864969237,2991.25,-540.17,2451.09,4253.98,1264.08,42.71,5560.77,2451.09,3109.68,1593.21,658.6,0.0,0.0,0.0,0.0,0,84887.99
269,2.7671034662858633,-1.6192201161056494,0.4294291663015768,4.230779778071686,3064.45,-518.34,2546.11,4066.27,242.55,42.71,4351.54,2546.11,1805.43,1173.53,0,0.0,0.0,0.0,0.0,0,86061.52
270,2.7880154310154652,-1.55101955468747,0.8087537247404458,3.954051566556541,3087.61,-496.5,2591.1,3800.3,456.81,42.71,4299.82,2591.1,1708.72,1110.67,0,0.0,0.0,0.0,0.0,0,87172.18
271,2.8209658136396367,-1.4828189932692908,1.9580044504732776,3.804205018736001,3124.1,-474.67,2649.43,3656.28,1105.94,42.71,4804.93,2649.43,2155.51,1401.08,0,0.0,0.0,0.0,0.0,0,88573.26
272,2.7726843236581944,-1.4146184318511117,2.848814133118474,2.6753049028520453,3070.63,-452.84,2617.79,2571.28,1609.09,42.71,4223.08,2617.79,1605.29,1043.44,0,0.0,0.0,0.0,0.0,0,89616.7
273,2.3484004203079865,-1.3464178704329322,1.935569813642745,3.2198405953714553,2600.75,-431.01,2169.74,3094.64,1093.26,42.71,4230.62,2169.74,2060.87,1339.57,0,0.0,0.0,0.0,0.0,0,90956.27
274,2.133722857404306,-1.2782173090147528,1.395369408387471,3.420025227789677,2363.01,-409.18,1953.83,3287.04,788.14,42.71,4117.9,1953.83,2164.07,1269.99,210.24,0.0,0.0,0.0,0.0,0,92226.26
275,2.4723520436599347,-1.2100167475965735,1.168236717919798,3.640902696278803,2738.02,-387.34,2350.68,3499.33,659.85,42.71,4201.9,2350.68,1851.22,1203.29,0,0.0,0.0,0.0,0.0,0,93429.55
276,2.3139566380502674,-1.1418161861783942,5.290647791354364,2.2910617480157405,2562.61,-365.51,2197.1,2201.98,2988.31,42.71,5232.99,2197.1,3035.9,1428.11,838.8,0.0,0.0,0.0,0.0,0,94857.66
277,2.7860408005563304,-1.0736156247602149,4.359429410060845,3.0909901250953,3085.42,-343.68,2741.74,2970.8,2462.33,42.71,5475.84,2741.74,2734.1,1777.17,0,0.0,0.0,0.0,0.0,0,96634.83
278,2.8826551263734763,-1.0054150633420358,3.3071483174132177,2.299647555108152,3192.42,-321.85,2870.57,2210.23,1867.97,42.71,4120.91,2870.57,1250.34,812.72,0,0.0,0.0,0.0,0.0,0,97447.55
279,2.825660681909695,-0.9372145019238564,4.344471814291452,3.0816892112445324,3129.3,-300.02,2829.28,2961.86,2453.88,42.71,5458.45,2829.28,2629.17,1708.96,0,0.0,0.0,0.0,0.0,0,99156.51
280,2.426141867288739,-0.8690139405056772,4.5503785625362205,1.9511868941424888,2686.85,-278.18,2408.66,1875.32,2570.18,42.71,4488.21,2408.66,2079.55,1351.71,0,0.0,0.0,0.0,0.0,0,100508.22
281,2.2040541143965053,-0.8008133790874981,1.1792853812735349,2.115982794006379,2440.9,-256.35,2184.54,2033.71,666.09,42.71,2742.51,2184.54,557.97,362.68,0,0.0,0.0,0.0,0.0,0,100870.9
282,2.799231222776851,-0.732612817669319,2.0978985535412837,1.1681042598135651,3100.03,-234.52,2865.51,1122.68,1184.95,42.71,2350.35,2350.35,0,0.0,0,515.16,14.66,500.51,855.56,0,100015.33
283,2.8831926191457553,-0.6644122562511394,1.92084763223007,2.7082858075871026,3193.01,-212.69,2980.32,2602.98,1084.95,42.71,3730.64,2980.32,750.31,487.7,0,0.0,0.0,0.0,0.0,0,100503.04
284,2.898174137708047,-0.5962116948329603,5.178984086033406,3.1421881481998652,3209.6,-190.86,3018.75,3020.01,2925.24,42.71,5987.96,3018.75,2969.21,1929.99,0,0.0,0.0,0.0,0.0,0,102433.02
285,2.9564429425760226,-0.5280111334147808,2.5551979687606026,1.3998033755130004,3274.13,-169.02,3105.11,1345.37,1443.25,42.71,2831.33,2831.33,0,0.0,0,273.78,7.79,265.99,454.68,0,101978.34
286,2.861026504614169,-0.4598105719966017,4.909536543357417,2.3483336525741887,3168.46,-147.19,3021.27,2257.02,2773.04,42.71,5072.78,3021.27,2051.51,1333.48,0,0.0,0.0,0.0,0.0,0,103311.82
287,2.453448029571489,-0.3916100105784221,5.194888609700345,2.001144795400285,2717.09,-125.36,2591.73,1923.33,2934.22,42.71,4900.26,2591.73,2308.54,1500.55,0,0.0,0.0,0.0,0.0,0,104812.37
288,2.3685509369435263,-0.3234094491602461,4.440155452532494,2.1769298041837195,2623.07,-103.53,2519.54,2092.28,2507.92,42.71,4642.92,2519.54,2123.38,1380.2,0,0.0,0.0,0.0,0.0,0,106192.56
289,2.904847460064686,-0.2569107384891844,1.7882074536313872,2.715617914856321,3216.99,-82.24,3134.75,2610.03,1010.03,42.71,3662.77,3134.75,528.01,343.21,0,0.0,0.0,0.0,0.0,0,106535.77
290,2.9647675257564408,-0.1904120278181231,0.9175994850750152,2.28066101807459,3283.35,-60.95,3222.4,2191.98,518.29,42.71,2752.98,2752.98,0,0.0,0,469.42,13.35,456.07,779.6,0,105756.17
291,3.015788371686032,-0.1239133171470614,3.2296249642870714,2.4371155144217096,3339.86,-39.67,3300.19,2342.35,1824.18,42.71,4209.25,3300.19,909.06,590.89,0,0.0,0.0,0.0,0.0,0,106347.06
292,3.0663760552493455,-0.0574146064759992,4.058227281581265,0.9759758934072004,3395.88,-18.38,3377.5,938.03,2292.2,42.71,3272.94,3272.94,0,0.0,0,104.56,2.97,101.59,173.65,0,106173.4
293,2.998597342692979,0.0090841041950624,5.165314241931733,0.6820262817936747,3320.82,2.91,3323.73,655.51,2917.51,42.71,3615.73,3323.73,292.01,189.8,0,0.0,0.0,0.0,0.0,0,106363.21
294,2.4863115612294076,0.0755828148661237,3.716630509041822,2.071632597011892,2753.48,24.2,2777.68,1991.08,2099.26,42.71,4133.05,2777.68,1355.37,880.99,0,0.0,0.0,0.0,0.0,0,107244.2
295,2.344729191728223,0.1420815255371859,3.647534638521475,2.2106529716299814,2596.69,45.48,2642.17,2124.7,2060.23,42.71,4227.64,2642.17,1585.47,1030.55,0,0.0,0.0,0.0,0.0,0,108274.75
296,2.9167176383516717,0.2085802362082476,1.3242075133633882,1.991260028563265,3230.14,66.77,3296.91,1913.83,747.95,42.71,2704.49,2704.49,0,0.0,0,592.42,16.85,575.56,983.87,0,107290.89
297,3.031935004154087,0.2750789468793089,2.5826940142605763,0.5459161201225651,3357.74,88.06,3445.79,524.69,1458.78,42.71,2026.18,2026.18,0,0.0,0,1419.62,40.39,1379.23,2357.66,0,104933.23
298,3.008106157916386,0.341577657550371,2.565334840687946,1.6503532484817525,3331.35,109.34,3440.69,1586.18,1448.97,42.71,3077.87,3077.87,0,0.0,0,362.83,10.32,352.5,602.57,0,104330.65
299,3.048193614283034,0.4080763682214323,2.0239450658841776,0.8356429810680781,3375.74,130.63,3506.38,803.15,1143.18,42.71,1989.04,1989.04,0,0.0,0,1517.33,43.17,1474.17,2519.94,0,101810.71
300,2.973915827535026,0.4745750788924949,2.0525127737542856,0.8879317682787431,3293.48,151.92,3445.4,853.41,1159.32,42.71,2055.43,2055.43,0,0.0,0,1389.97,39.54,1350.43,2308.42,0,99502.29
301,2.501499009441242,0.5410737895635562,2.939819350225631,1.378784668007908,2770.3,173.21,2943.51,1325.17,1660.49,42.71,3028.38,2943.51,84.87,55.16,0,0.0,0.0,0.0,0.0,0,99557.45
302,2.545390975115738,0.6075725002346184,5.964784910993829,1.2296034410321677,2818.91,194.49,3013.4,1181.79,3369.08,42.71,4593.58,3013.4,1580.18,1027.11,0,0.0,0.0,0.0,0.0,0,100584.57
303,2.8553964863175434,0.6740712109056797,3.537223687339868,1.478012519717994,3162.23,215.78,3378.01,1420.54,1997.92,42.71,3461.18,3378.01,83.17,54.06,0,0.0,0.0,0.0,0.0,0,100638.63
304,2.8451240380701064,0.7405699215767414,3.6689520745121578,0.9165767725422505,3150.85,237.07,3387.92,880.94,2072.33,42.71,2995.98,2995.98,0,0.0,0,391.95,11.15,380.79,650.93,0,99987.69
305,2.6123601711187336,0.8070686322478036,3.792542854965651,1.7171749964587506,2893.08,258.35,3151.43,1650.41,2142.13,42.71,3835.25,3151.43,683.82,444.48,0,0.0,0.0,0.0,0.0,0,100432.18
306,3.0203663462027697,0.8735673429188648,6.2206680189816,0.6656150342886222,3344.93,279.64,3624.57,639.73,3513.61,42.71,4196.05,3624.57,571.48,371.46,0,0.0,0.0,0.0,0.0,0,100803.64
307,2.963586571108405,0.940066053589927,4.720846665977113,0.9640272741536596,3282.05,300.93,3582.97,926.54,2666.47,42.71,3635.72,3582.97,52.75,34.28,0,0.0,0.0,0.0,0.0,0,100837.93
308,2.627198030535589,1.0065647642609887,5.613813727951041,1.6372097673028576,2909.51,322.22,3231.73,1573.55,3170.84,42.71,4787.1,3231.73,1555.37,1010.99,0,0.0,0.0,0.0,0.0,0,101848.92
309,2.45258825962884,1.07306347493205,4.971457546468532,0.9043882757052106,2716.14,343.5,3059.64,869.22,2808.02,42.71,3719.95,3059.64,660.31,429.2,0,0.0,0.0,0.0,0.0,0,102278.12
310,3.0658882696338523,1.1395621856031122,6.316370982281776,1.518311953745845,3395.34,364.79,3760.13,1459.27,3567.66,42.71,5069.65,3760.13,1309.52,851.19,0,0.0,0.0,0.0,0.0,0,103129.31
311,3.1289737526176364,1.2060608962741737,5.031885249555688,1.2004696296173794,3465.2,386.08,3851.28,1153.79,2842.15,42.71,4038.65,3851.28,187.37,121.79,0,0.0,0.0,0.0,0.0,0,103251.1
312,3.1679266840980818,1.2725596069452356,5.644786527271501,1.386306866947069,3508.34,407.37,3915.71,1332.4,3188.33,42.71,4563.45,3915.71,647.74,421.03,0,0.0,0.0,0.0,0.0,0,103672.13
313,3.171611022257657,1.3390583176162971,4.751647296588929,0.929783617611126,3512.42,428.65,3941.08,893.63,2683.86,42.71,3620.21,3620.21,0,0.0,0,320.87,9.13,311.74,532.89,0,103139.24
314,3.082357179272278,1.4055570282873582,3.8800010453100167,1.0344200299302957,3413.58,449.94,3863.52,994.2,2191.53,42.71,3228.44,3228.44,0,0.0,0,635.08,18.07,617.01,1054.72,0,102084.52
315,2.609264125353208,1.4720557389584208,2.4024860810163573,0.9842629850182736,2889.65,471.23,3360.88,945.99,1356.99,42.71,2345.69,2345.69,0,0.0,0,1015.18,28.88,986.3,1685.98,0,100398.54
316,2.4710973476254585,1.5385544496294816,1.1800056789321498,1.0632279699108966,2736.63,492.51,3229.15,1021.89,666.5,42.71,1731.1,1731.1,0,0.0,0,1498.05,42.62,1455.43,2487.92,0,97910.62
317,3.0784259440262502,1.6050531603005442,3.971259245009468,0.5003801131870073,3409.22,513.8,3923.03,480.92,2243.08,42.71,2766.71,2766.71,0,0.0,0,1156.31,32.9,1123.42,1920.37,0,95990.24
318,3.146619793276653,1.671551870971606,6.332999317254445,0.5725877918123815,3484.75,535.09,4019.84,550.32,3577.06,42.71,4170.09,4019.84,150.26,97.67,0,0.0,0.0,0.0,0.0,0,96087.91
319,3.1438503945414347,1.6715518709716104,3.8211088060122016,0.9111003220510442,3481.68,535.09,4016.77,875.67,2158.27,42.71,3076.65,3076.65,0,0.0,0,940.11,26.74,913.37,1561.32,0,94526.59
320,3.1806298669356017,1.6937770267957992,3.0306225326236644,0.7776333397905664,3522.41,542.2,4064.61,747.4,1711.78,42.71,2501.89,2501.89,0,0.0,0,1562.73,44.46,1518.27,2595.33,0,91931.26
321,3.1162405269930473,1.7160021826199907,1.7423596292487404,0.8112659873939985,3451.1,549.32,4000.42,779.72,984.13,42.71,1806.57,1806.57,0,0.0,0,2193.86,62.41,2131.44,3643.49,0,88287.77
322,2.671206889963407,1.738227338444181,2.709339910880733,0.898622161716949,2958.25,556.43,3514.68,863.68,1530.31,42.71,2436.7,2436.7,0,0.0,0,1077.98,30.67,1047.31,1790.27,0,86497.5
323,2.536624489849168,1.760452494268371,5.689448495752769,0.9188759765501286,2809.2,563.55,3372.75,883.15,3213.56,42.71,4139.42,3372.75,766.67,498.33,0,0.0,0.0,0.0,0.0,0,86995.83
324,3.027903808361995,1.7826776500925607,3.152637442345992,0.798833086981318,3353.27,570.66,3923.94,767.77,1780.7,42.71,2591.18,2591.18,0,0.0,0,1332.75,37.91,1294.84,2213.4,0,84782.43
325,3.163318120561783,1.8049028059167511,1.732653179093009,0.5359136774898663,3503.24,577.78,4081.02,515.08,978.65,42.71,1536.44,1536.44,0,0.0,0,2544.58,72.39,2472.19,4225.96,0,80556.46
326,3.1997682147631816,1.827127961740941,2.5392354699162634,0.8912810024634477,3543.61,584.89,4128.5,856.62,1434.23,42.71,2333.57,2333.57,0,0.0,0,1794.93,51.06,1743.87,2980.97,0,77575.5
327,3.243072434276121,1.8493531175651317,7.007357796662167,0.7005240116759553,3591.56,592.01,4183.57,673.29,3957.95,42.71,4673.95,4183.57,490.38,318.75,0,0.0,0.0,0.0,0.0,0,77894.24
328,3.193069765711904,1.8715782733893216,6.628117565754063,0.6766494031295814,3536.19,599.12,4135.31,650.34,3743.75,42.71,4436.8,4135.31,301.49,195.97,0,0.0,0.0,0.0,0.0,0,78090.21
329,2.7846697570010255,1.893803429213512,3.8934020954073776,0.5325101313994638,3083.9,606.24,3690.14,511.8,2199.1,42.71,2753.62,2753.62,0,0.0,0,936.52,26.64,909.88,1555.34,0,76534.87
330,2.588106356002137,1.9160285850377037,1.5326616557666746,0.6281307673727798,2866.22,613.35,3479.57,603.71,865.69,42.71,1512.11,1512.11,0,0.0,0,1967.46,55.97,1911.49,3267.5,0,73267.37
331,3.2195576717214083,1.9382537408618932,2.934534824964375,0.389683397390379,3565.52,620.46,4185.99,374.53,1657.51,42.71,2074.75,2074.75,0,0.0,0,2111.24,60.06,2051.17,3506.28,0,69761.08
332,3.357753946003734,1.9604788966860829,2.7552228717345315,0.2467706695306058,3718.57,627.58,4346.15,237.18,1556.23,42.71,1836.11,1836.11,0,0.0,0,2510.03,71.41,2438.63,4168.59,0,65592.49
333,3.37287857747897,1.9827040525102737,3.231056775486514,0.3388248236964257,3735.32,634.69,4370.01,325.65,1824.99,42.71,2193.35,2193.35,0,0.0,0,2176.66,61.92,2114.74,3614.93,0,61977.56
334,3.328277055797166,2.004929208334464,0.462179871062327,0.2563250389412969,3685.92,641.81,4327.73,246.36,261.05,42.71,550.12,550.12,0,0.0,0,3777.61,107.47,3670.14,6273.75,0,55703.81
335,3.2743180252922817,2.027154364158654,0.6374001822265235,0.1000696862484033,3626.17,648.92,4275.09,96.18,360.02,42.71,498.91,498.91,0,0.0,0,3776.18,107.43,3668.75,6271.37,0,49432.44
336,2.8611281038577094,2.0493795199828444,0.6038589068648539,0.1423560308263695,3168.58,656.04,3824.61,136.82,341.08,42.71,520.61,520.61,0,0.0,0,3304.01,93.99,3210.01,5487.2,0,43945.24
337,2.7094595513889117,2.0716046758070332,1.5299139837225906,0.3463560746198695,3000.61,663.15,3663.76,332.89,864.14,42.71,1239.74,1239.74,0,0.0,0,2424.02,68.96,2355.06,4025.75,0,39919.49
338,3.329819616355007,2.0938298316312247,3.36090711827573,0.1018800831050004,3687.63,670.27,4357.9,97.92,1898.33,42.71,2038.96,2038.96,0,0.0,0,2318.93,65.97,2252.96,3851.22,0,36068.26
339,3.340254841885107,2.1160549874554153,3.7550012923633296,0.2186868882926437,3699.19,677.38,4376.57,210.18,2120.93,42.71,2373.82,2373.82,0,0.0,0,2002.75,56.98,1945.77,3326.1,0,32742.16
340,3.3096756545093733,2.138280143279604,1.616298754873264,0.1404641661112256,3665.32,684.5,4349.82,135.0,912.93,42.71,1090.64,1090.64,0,0.0,0,3259.18,92.72,3166.46,5412.75,0,27329.42
341,3.294907712851513,2.1605052991037956,1.1008151002498423,0.6082933438166174,3648.97,691.61,4340.58,584.64,621.77,42.71,1249.12,1249.12,0,0.0,0,3091.46,87.95,3003.51,5134.2,0,22195.21
342,3.1999457403231313,2.1827304549279862,2.749117909871877,0.1850995006106265,3543.8,698.73,4242.53,177.9,1552.78,42.71,1773.39,1773.39,0,0.0,0,2469.14,70.24,2398.89,4100.67,0,18094.54
343,2.725445045271782,2.204955610752176,4.576455094601655,0.4490010503967822,3018.31,705.84,3724.15,431.54,2584.91,42.71,3059.16,3059.16,0,0.0,0,664.99,18.92,646.07,1104.4,0,16990.15
344,2.5635723236170653,2.2271807665763657,5.93250854859363,0.4937133267625884,2839.05,712.95,3552.0,474.52,3350.85,42.71,3868.07,3552.0,316.07,205.45,0,0.0,0.0,0.0,0.0,0,17195.59
345,3.0604975011687903,2.2494059224005563,4.715108880237997,0.4208765352295466,3389.37,720.07,4109.44,404.51,2663.23,42.71,3110.45,3110.45,0,0.0,0,998.99,28.42,970.57,1659.09,0,15536.5
346,3.127307197284076,2.271631078224746,1.888734654420728,0.4465932225775081,3463.36,727.18,4190.54,429.23,1066.81,42.71,1538.75,1538.75,0,0.0,0,2651.79,75.44,2576.35,4404.02,0,11132.48
347,3.1422832535214464,2.293856234048937,3.0393996231174265,0.4431715725185396,3479.94,734.3,4214.24,425.94,1716.74,42.71,2185.39,2185.39,0,0.0,0,2028.85,57.72,1971.14,3369.46,0,7763.01
348,3.0988408371879923,2.3160813898731263,1.0161959367745554,0.3075502179987112,3431.83,741.41,4173.25,295.59,573.98,42.71,912.28,912.28,0,0.0,0,3260.97,92.77,3168.2,5415.72,0,2347.29
349,3.0212375870277546,2.3383065456973213,2.3597618889191208,0.3875561810838774,3345.89,748.53,4094.42,372.49,1332.86,42.71,1748.06,1748.06,0,0.0,0,2346.36,66.75,2279.61,3896.77,0,-1549.48
350,2.677742561732023,2.360531701521511,4.6839428303262,0.7378091349375722,2965.49,755.64,3721.13,709.12,2645.62,42.71,3397.45,3397.45,0,0.0,0,323.67,9.21,314.46,537.55,0,-2087.02
351,2.5486694625336437,2.3827568573457008,4.873962623139605,1.0329807644293008,2822.54,762.76,3585.3,992.81,2752.95,42.71,3788.48,3585.3,203.18,132.07,0,0.0,0.0,0.0,0.0,0,-1954.96
352,3.0914229999445486,2.404982013169893,5.181935549610172,1.12609400075623,3423.62,769.87,4193.49,1082.31,2926.9,42.71,4051.92,4051.92,0,0.0,0,141.57,4.03,137.54,235.11,0,-2190.07
353,3.1062002275547753,2.427207168994082,4.949838075768725,0.7357814904581834,3439.98,776.99,4216.97,707.17,2795.81,42.71,3545.69,3545.69,0,0.0,0,671.28,19.1,652.18,1114.84,0,-3304.91
354,3.031029896914589,2.449432324818273,6.36087483664286,0.4857113726564294,3356.74,784.1,4140.84,466.83,3592.8,42.71,4102.34,4102.34,0,0.0,0,38.5,1.1,37.4,63.94,0,-3368.85
355,2.968588422039054,2.471657480642463,7.987076805910307,0.1439808620051654,3287.58,791.22,4078.8,138.38,4511.33,42.71,4692.42,4078.8,613.62,398.85,0,0.0,0.0,0.0,0.0,0,-2970.0
356,2.879324200636325,2.493882636466653,7.747946767367793,0.3283471518888701,3188.73,798.33,3987.06,315.58,4376.26,42.71,4734.55,3987.06,747.49,485.87,0,0.0,0.0,0.0,0.0,0,-2484.13
357,2.5652629131802804,2.5161077922908444,5.601647724814671,0.1913906296873013,2840.92,805.44,3646.36,183.95,3163.97,42.71,3390.63,3390.63,0,0.0,0,255.74,7.28,248.46,424.72,0,-2908.85
358,2.382751343042039,2.538332948115035,6.856077720117365,0.1988404127521983,2638.79,812.56,3451.35,191.11,3872.51,42.71,4106.33,3451.35,654.97,425.73,0,0.0,0.0,0.0,0.0,0,-2483.11
359,2.2800640043771314,2.5605581039392247,5.935366900521842,0.5409511067433477,2525.07,819.67,3344.75,519.92,3352.46,42.71,3915.09,3344.75,570.34,370.72,0,0.0,0.0,0.0,0.0,0,-2112.39
360,2.3284667579718312,2.582783259763416,6.317006952409626,0.5585888981187447,2578.68,826.79,3405.47,536.87,3568.02,42.71,4147.6,3405.47,742.14,482.39,0,0.0,0.0,0.0,0.0,0,-1630.0
361,2.5021047812750403,2.605008415587606,3.530776144883482,0.967041584919894,2770.97,833.9,3604.88,929.44,1994.28,42.71,2966.43,2966.43,0,0.0,0,638.44,18.16,620.28,1060.31,0,-2690.31
362,2.5935626723662577,2.6272335714117965,7.1614136544279745,0.6074786652311487,2872.26,841.02,3713.28,583.86,4044.97,42.71,4671.54,3713.28,958.26,622.87,0,0.0,0.0,0.0,0.0,0,-2067.44
363,2.5577806205027627,2.649458727235987,7.483492117242498,0.5714472417927253,2832.63,848.13,3680.76,549.23,4226.89,42.71,4818.83,3680.76,1138.06,739.74,0,0.0,0.0,0.0,0.0,0,-1327.7
364,2.364949626122759,2.671683883060177,5.399483010747588,0.8875515849388578,2619.08,855.25,3474.33,853.04,3049.78,42.71,3945.53,3474.33,471.2,306.28,0,0.0,0.0,0.0,0.0,0,-1021.42
365,2.271367436869556,2.6939090388843683,5.446203976438361,0.49332409143842,2515.44,862.36,3377.8,474.14,3076.17,42.71,3593.02,3377.8,215.22,139.89,0,0.0,0.0,0.0,0.0,0,-881.53
